dialog_id,speaker,utterance,emotion_original,Annotated_Emotion_1,Annotated_Emotion_2,Annotated_Emotion_4,Annotated_Emotion_3,turn_id,predicted_emotion,reasoning,confidence
2,Ross,Okay.,neutral,neutral,neutral,neutral,neutral,0,neutral,"The utterance 'Okay.' does not convey any strong emotional content. It is a simple acknowledgment that lacks indicators of joy, sadness, anger, disgust, fear, or surprise.",
2,Rachel,"Ross, didn't you say that there was an elevator in here?",neutral,anger,anger,neutral,neutral,1,neutral,"The utterance 'Ross, didn't you say that there was an elevator in here?' is a straightforward question without any strong emotional indicators.",0.900
2,Ross,"Uhh, yes I did but there isn't. Okay, here we go.",sadness,sadness,surprise,neutral,neutral,2,neutral,"Ross's response 'Uhh, yes I did but there isn't. Okay, here we go.' does not express any strong emotional content. The use of filler words like 'Uhh' and the phrase 'Okay, here we go' suggest a neutral tone without clear indicators of joy, sadness, anger, disgust, fear, or surprise.",0.800
2,Ross,"Okay, go left. Left! Left!",surprise,sadness,neutral,neutral,joy,3,neutral,"Ross's utterance 'Okay, go left. Left! Left!' indicates a neutral tone without clear emotional indicators of anger, disgust, fear, joy, sadness, or surprise. The repetition and exclamation marks do not necessarily imply strong emotion but rather emphasis on directions.",0.800
4,Monica,Oh my God!,surprise,surprise,surprise,surprise,neutral,0,surprise,The exclamation 'Oh my God!' typically expresses a strong reaction of surprise.,0.850
4,Phoebe,"Oh no wait, oh no, the elastic on my underwear busted.",neutral,sadness,fear,surprise,anger,1,disgust,The phrase 'the elastic on my underwear busted' indicates a situation that is unpleasant or distasteful to the speaker.,0.850
4,Joey,Oh my God! I overslept! I was supposed to be on the set a half an hour ago! I gotta get out of here!,fear,surprise,fear,surprise,neutral,2,fear,"The utterance 'Oh my God! I overslept! I was supposed to be on the set a half an hour ago! I gotta get out of here!' indicates panic and anxiety about being late, which aligns with fear.",0.850
4,Monica,"Oh wait, Joey, you can’t go like that! You stink!",disgust,anger,surprise,fear,neutral,3,disgust,The phrase 'you stink' indicates a feeling of disgust towards Joey's smell.,0.850
12,Ross,"I mean, enough of the silliness!",anger,anger,anger,anger,neutral,0,anger,"The phrase 'enough of the silliness' suggests frustration or irritation with something perceived as silly, which aligns with the emotion of anger.",0.850
12,Chandler,"Well, why don’t you tell her to stop being silly!",anger,anger,anger,anger,neutral,1,anger,"The phrase 'why don’t you tell her to stop being silly' suggests a frustrated or irritated tone, which aligns with the emotion of anger. This is further supported by Ross's previous statement indicating an annoyance towards silliness.",0.800
12,Ross,Okay-okay!,anger,anger,neutral,anger,sadness,2,neutral,"The phrase 'Okay-okay' suggests a neutral tone, indicating acceptance or an attempt to calm down the situation without expressing strong emotion.",0.850
12,Ross,"Two very good points, look I’ve known you both a long time, and I’ve never seen either of you one/millionth as happy as you’ve been since you’ve got together.",sadness,sadness,neutral,joy,neutral,3,joy,Ross expresses positive sentiment by stating that he has never seen the individuals as 'happy' as they have been since getting together. The phrase 'Two very good points' also indicates agreement and positivity.,0.850
12,Ross,"Now wh-what is more important, love or silliness?",neutral,neutral,neutral,neutral,neutral,4,neutral,"Ross's question 'Now wh-what is more important, love or silliness?' does not express a strong emotional state. The hesitation (wh-) could imply some uncertainty but overall, the tone and content of the utterance are neutral.",0.800
12,Chandler,"Well, we are fond of the silliness, but we also have a soft spot for the love.",neutral,neutral,joy,neutral,anger,5,neutral,"Chandler's response is balanced and does not express strong emotions. The phrase 'we are fond of the silliness' shows a mild positive sentiment towards fun, but it is tempered by 'but we also have a soft spot for the love', indicating a neutral stance in this context.",0.800
12,Monica,Love is the best medicine.,joy,joy,joy,neutral,anger,6,joy,"The phrase 'Love is the best medicine' expresses a positive sentiment towards love, indicating joy. This aligns with the supportive and affectionate tone of the previous turns in the dialogue.",0.850
12,Chandler,That’s laughter.,joy,disgust,joy,neutral,sadness,7,joy,"Chandler's response 'That’s laughter.' indicates a positive and light-hearted tone, aligning with the joy expressed in the context of love and happiness.",0.850
17,Rachel,"Okay, look, Ross, I realise that my Father is difficult, but that’s why you have got to be the bigger man here.",neutral,sadness,neutral,neutral,anger,0,neutral,The speaker is making a statement and giving advice in a calm manner without expressing strong emotional cues.,0.850
17,Ross,"Look sweetie, I could be the bigger man, I could be the biggest man, I could be a big, huge, giant man, and it still wouldn’t make any difference, except that I could pick your Father up and say ‘Like me!",anger,sadness,fear,sadness,anger,1,joy,"Ross's exaggerated response with phrases like 'biggest man', 'huge, giant man' and the playful suggestion of picking up Rachel's Father indicate a light-hearted and humorous tone.",0.850
17,Ross,Like me tiny doctor!’,anger,sadness,fear,neutral,neutral,2,joy,"The phrase 'Like me tiny doctor!' suggests a playful and mocking tone, indicating that Ross is in a jovial mood despite the context of conflict with Rachel's father. The use of exaggeration ('biggest man', 'huge giant man') also points towards a lighthearted attitude.",0.800
17,Rachel,"Okay, well can’t you just try it one more time Ross? For me? For me?",sadness,sadness,neutral,sadness,neutral,3,sadness,"The phrase 'can’t you just try it one more time Ross? For me?' indicates a plea for support or understanding, suggesting an underlying emotional vulnerability or sadness.",0.800
25,Ross,"Y'know what I didn’t wear this suit for a year because you hated it. Well, guess what? You’re not my girlfriend anymore so...",anger,anger,sadness,anger,neutral,0,anger,"The speaker expresses frustration and resentment towards the other person's past opinion ('You hated it') and emphasizes a retaliatory or defiant tone with 'Well, guess what?', indicating anger.",0.850
25,Rachel,"Oh I see, so this suit is making a point.",neutral,anger,neutral,surprise,disgust,1,neutral,"Rachel's response 'Oh I see, so this suit is making a point.' indicates a neutral tone without expressing strong emotions. She seems to be acknowledging the situation rather than reacting emotionally.",0.850
25,Rachel,"Now that you’re on you’re own, you’re free to look as stupid as you like.",anger,anger,neutral,anger,neutral,2,anger,"The phrase 'free to look as stupid as you like' indicates a sarcastic and hostile tone, suggesting that Rachel is expressing anger towards Ross.",0.850
25,Ross,You like it right?,neutral,anger,neutral,neutral,anger,3,neutral,Ross's question 'You like it right?' does not express a strong emotional state. It is more of a neutral inquiry about Rachel's opinion on the suit.,0.850
41,Rachel,I can’t believe it! He still hasn’t called.,anger,anger,anger,surprise,neutral,0,surprise,The phrase 'I can’t believe it!' indicates a strong element of surprise or disbelief.,0.850
41,Phoebe,"Who, Josh?",surprise,neutral,neutral,neutral,neutral,1,neutral,"Phoebe's response 'Who, Josh?' is a neutral question seeking clarification about the person Rachel is referring to. There are no emotional indicators in this utterance.",
41,Rachel,It’s Joshua.,anger,neutral,neutral,neutral,neutral,2,sadness,Rachel's previous statement 'I can’t believe it! He still hasn’t called.' indicates disappointment or sadness about Joshua not calling her.,0.800
41,Monica,"What, he doesn’t like Josh?",surprise,neutral,surprise,surprise,neutral,3,neutral,"The utterance 'What, he doesn’t like Josh?' is a question seeking clarification or information. It does not express any strong emotional content from the speaker Monica.",0.950
49,Monica,All weekend? That's a whole lotta naked.,surprise,disgust,anger,joy,neutral,0,joy,"The phrase 'a whole lotta naked' suggests a playful or amused tone, indicating joy.",0.800
49,Chandler,"Yeah, I can say that I have a conference and you can say you have a chef thing.",neutral,neutral,neutral,joy,neutral,1,neutral,Chandler's utterance is a suggestion for an alibi without any strong emotional indicators. The tone seems matter-of-fact and neutral.,0.850
49,Monica,"Ohh, I've always wanted to go to this culinary fair that they have in Jersey!",joy,neutral,joy,joy,neutral,2,joy,"The phrase 'Ohh, I've always wanted to' indicates enthusiasm and excitement about the culinary fair in Jersey.",0.850
49,Chandler,"Okay, y'know your not though. Let's go.",neutral,neutral,neutral,neutral,neutral,3,neutral,"The phrase 'Okay, y'know your not though. Let's go.' does not express any strong emotional content from Chandler. It seems to be a neutral agreement or acceptance of the plan discussed in the previous turns.",0.800
54,Judge,So based on your petition you are seeking an annulment on the grounds that Mr. Geller is mentally unstable.,neutral,neutral,neutral,surprise,neutral,0,neutral,"The utterance is a formal statement made by a judge in a legal context. The language used ('based on your petition', 'seeking an annulment') does not indicate any strong emotional state but rather maintains a neutral tone appropriate for judicial proceedings.",
54,Ross,"Fine, I’m mentally unstable.",anger,sadness,neutral,anger,neutral,1,sadness,"The phrase 'Fine, I’m mentally unstable' suggests a resignation or acceptance of a negative situation, which aligns with the emotion of sadness.",0.800
54,Judge,And based on the fact that Mr. Geller is intravenous drug user.,neutral,neutral,neutral,neutral,neutral,2,neutral,The judge's statement is a factual assertion without any emotional indicators. It maintains an objective tone appropriate for a legal setting.,
54,Ross,What?!,surprise,surprise,surprise,surprise,neutral,3,surprise,"Ross's exclamation 'What?!' indicates a sudden reaction to unexpected information, suggesting surprise.",0.850
88,Joey,Can we please turn this off?,sadness,anger,neutral,anger,neutral,0,neutral,The speaker's request is phrased in a neutral manner without strong emotional indicators. The use of 'please' suggests politeness rather than an intense emotion.,
88,Rachel,"Noo way, Kevin.",joy,surprise,anger,disgust,neutral,1,anger,"The word 'Noo' is elongated, which often indicates a strong refusal or frustration. The context shows Joey wanting to turn something off, but Rachel's response 'Noo way, Kevin.' suggests she is strongly against this idea, indicating anger.",
88,Mike,There is a revolutionary new product that guarantees that you'll never have to open up milk cartons again. Meet the Milk Master 2000.,neutral,neutral,neutral,joy,joy,2,neutral,The speaker is presenting information about a new product without expressing any strong emotional words or phrases. The tone seems informative rather than emotionally charged.,
88,Ross,Are you intrigued?,surprise,anger,neutral,neutral,neutral,3,neutral,The utterance 'Are you intrigued?' does not express any strong emotional content. It is a question that seeks to gauge interest without conveying the speaker's own emotional state.,0.900
88,Rachel,"Noo way, Kevin.",joy,surprise,neutral,surprise,neutral,4,disgust,The phrase 'Noo way' indicates a strong reluctance or aversion to the idea presented by Mike about the Milk Master 2000.,0.850
88,Mike,There is a revolutionary new product that guarantees that you'll never have to open up milk cartons again. Meet the Milk Master 2000.,neutral,neutral,neutral,joy,neutral,5,neutral,The utterance is a factual statement about a product without any emotional indicators. The tone is informative rather than expressing an emotion.,0.950
88,Ross,Are you intrigued?,surprise,neutral,neutral,neutral,joy,6,neutral,The utterance 'Are you intrigued?' is a neutral question asking for the opinion of others about the product mentioned. It does not express any strong emotional content from Ross.,0.950
88,Chandler,You're flingin'-flangin' right I am!,joy,surprise,anger,sadness,neutral,7,joy,"The phrase 'You're flingin'-flangin' right I am!' suggests a playful and humorous tone, indicative of joy.",0.850
139,Rachel,Rachel.,neutral,neutral,neutral,neutral,anger,0,neutral,"The utterance consists only of the speaker's name, 'Rachel,' without any additional context or emotional indicators.",
139,Ross,"Rachel! Well, you-you’re not at home, you’re-you’re-you’re right here.",surprise,surprise,surprise,neutral,anger,1,surprise,"Ross's exclamation 'Rachel!' and the repetition in 'you're-you're not at home, you're-you're-you're right here' suggest a surprised reaction to Rachel's unexpected presence.",0.800
139,Rachel,"Yeah I know, and I bet you thought it would be weird. But it’s not!",joy,neutral,anger,neutral,neutral,2,joy,"The phrase 'But it’s not!' indicates a positive sentiment, suggesting that Rachel feels comfortable and happy with the situation, contrary to her initial expectation of it being weird.",0.850
139,Ross,"Okay. So well I’ll umm,  I’ll have her home by midnight.",neutral,joy,neutral,neutral,neutral,3,fear,"The phrase 'I’ll have her home by midnight' implies a sense of obligation or concern about time constraints, which can indicate fear of consequences if the condition is not met.",0.700
140,Ross,Or that.,neutral,neutral,neutral,sadness,neutral,0,neutral,The utterance 'Or that.' does not convey any strong emotional content. It appears to be a neutral response or agreement.,0.850
140,Joey,I can't write!,anger,anger,fear,sadness,neutral,1,fear,"The phrase 'I can't write!' suggests a sense of inability or anxiety about writing, which aligns with the emotion of fear.",0.750
140,Joey,"Y'know I mean I-I-I'm an actor, I don't have the discipline that takes, y'know?",sadness,anger,fear,neutral,joy,2,fear,"Joey's statement 'I-I-I'm an actor, I don't have the discipline that takes' suggests a lack of confidence or anxiety about his ability to write, which can be interpreted as fear.",0.800
140,Joey,I can't do it.,sadness,sadness,sadness,sadness,neutral,3,fear,"Joey's statement 'I can't do it' expresses a sense of inability or anxiety about completing the task at hand, which aligns with fear. This is consistent with his previous utterance where he emphasizes his limitations as an actor and lack of discipline.",0.800
154,Ross,Together? Like-like to people?,surprise,surprise,neutral,surprise,neutral,0,surprise,The phrase 'Like-like to people?' suggests that Ross is expressing surprise or confusion about the idea of being together with two people.,0.800
154,Mona,"Yeah, y’know. Happy holidays from Mona and Ross. It’ll be cute, okay?",joy,joy,joy,neutral,surprise,1,joy,"The phrase 'Happy holidays from Mona and Ross' suggests a positive sentiment, and the word 'cute' indicates a light-hearted, joyful tone.",0.850
154,Ross,Okay.,joy,neutral,neutral,neutral,joy,2,neutral,"Ross's response 'Okay.' is a brief acknowledgment without any strong emotional indicators. The context suggests Mona is suggesting a joint holiday message, but Ross's reply does not convey any particular emotion beyond acceptance or neutrality.",0.800
154,Mona,"Oh, I gotta get to work. So call me later?",neutral,neutral,neutral,neutral,neutral,3,neutral,"The utterance 'Oh, I gotta get to work. So call me later?' does not express any strong emotional content. It is a neutral statement indicating the need to leave for work and a casual request to be called later.",0.850
167,Rachel,"Oh-oh-oh, symbolism! And uh, the-the uh, wildness of the mores, which",joy,surprise,surprise,joy,neutral,0,neutral,The speaker's use of filler words like 'uh' and repetitions such as 'the-the uh' suggests a neutral or uncertain state rather than any strong emotion.,0.700
167,The Teacher,Excellent! What Rachel has shrewdly observed here,joy,joy,joy,joy,neutral,1,joy,"The use of the word 'Excellent!' indicates a positive reaction to Rachel's observation, suggesting joy or enthusiasm.",0.850
167,Phoebe,You completely stole my answer!,anger,anger,anger,sadness,neutral,2,anger,"The phrase 'You completely stole my answer!' indicates that Phoebe feels her idea was taken without permission or acknowledgment, which is expressed with a tone of frustration and anger.",0.850
167,Rachel,"Well, honey that was pretty obvious.",sadness,neutral,neutral,neutral,anger,3,neutral,"The phrase 'Well, honey that was pretty obvious' does not indicate any strong emotional state. The tone is matter-of-fact without showing signs of joy, anger, sadness, fear, disgust, or surprise.",
175,Rachel,Okay please tell me that this is just one of your jokes that you do that I don’t get.,joy,anger,surprise,anger,neutral,0,fear,"The phrase 'please tell me that this is just one of your jokes' suggests a desire for something to be untrue or less serious, indicating fear or anxiety about the situation.",0.800
175,Tag,Like what?,neutral,neutral,neutral,surprise,neutral,1,neutral,The utterance 'Like what?' is a neutral question that does not express any strong emotional content. It seems to be seeking clarification rather than expressing an emotion.,0.850
175,Rachel,"Y’know, like the thing when you put the phone in your pants?",disgust,disgust,neutral,disgust,neutral,2,neutral,"Rachel's utterance does not express strong emotional content. She is providing an example of a joke that Tag might make, which is neutral in tone.",0.800
175,Rachel,Tag!,anger,surprise,neutral,neutral,joy,3,neutral,"The utterance 'Tag!' does not express any strong emotional content. It is a simple callout that doesn't indicate joy, anger, disgust, fear, sadness, or surprise.",0.850
210,Chandler,We said seven!,anger,anger,anger,neutral,joy,0,joy,"The phrase 'We said seven!' implies excitement or joy, as it suggests a playful or fun context, likely from a game or inside joke.",
210,Monica,We said six!,anger,anger,anger,neutral,neutral,1,anger,"Monica's response 'We said six!' contradicts Chandler's statement 'We said seven!', indicating a disagreement or frustration which aligns with the emotion of anger.",0.800
210,Chandler,"The only way that I said six would be if the seven’s, let meet at seven, not at six.",neutral,anger,neutral,neutral,neutral,2,neutral,"Chandler's response is a clarification rather than an expression of strong emotion. The tone seems matter-of-fact without indicators of anger, joy, or other emotions.",0.850
210,Monica,"Yeah and if I had seven, maybe I would’ve said something like this, ""Wow! My boyfriend’s such a wise ass—seven!""",anger,anger,neutral,anger,neutral,3,joy,"Monica's use of the phrase ""Wow! My boyfriend’s such a wise ass—seven!"" suggests she is playfully teasing Chandler, indicating a lighthearted and joyful tone.",0.800
223,Chandler,"Which is funny because in high school I uh, I-I failed Biology and tonight Biology failed me.",fear,sadness,joy,neutral,neutral,0,joy,The phrase 'Which is funny' and the self-deprecating humor about failing Biology in high school and tonight's situation suggests a lighthearted or amused emotional state.,0.850
223,Phoebe,"Check it out. Okay, I can play this when the guests are coming in. Okay.",neutral,neutral,neutral,neutral,neutral,1,joy,The phrase 'Check it out' and the speaker's willingness to play something for guests suggests a positive and enthusiastic mood.,0.800
223,Monica,Phoebe!,joy,anger,surprise,neutral,joy,2,surprise,Monica's exclamation 'Phoebe!' suggests a reaction of surprise or sudden realization about Phoebe's action or statement.,0.800
223,Phoebe,"If you would’ve let me finish, it goes on to say that he’s probably not gay.",neutral,neutral,neutral,neutral,joy,3,anger,"The phrase 'If you would’ve let me finish' suggests that Phoebe feels interrupted or cut off, which often leads to feelings of frustration or anger.",0.800
233,Rachel,We did!,joy,joy,joy,neutral,surprise,0,joy,"The use of 'We did!' suggests a sense of accomplishment or happiness, which aligns with the emotion joy.",
233,Phoebe,"Oh, anyway, they say, if we want, we can see it tonight.",neutral,joy,neutral,neutral,neutral,1,neutral,"The utterance 'Oh, anyway, they say, if we want, we can see it tonight.' does not express any strong emotional content. The phrase is informative and neutral in tone.",
233,Rachel,"Oh, I would love to!",joy,joy,joy,joy,joy,2,joy,The phrase 'I would love to' expresses enthusiasm and happiness about the prospect of seeing something tonight.,0.900
233,Phoebe,"Yay, okay!",joy,joy ,joy,joy,joy,3,joy,The use of 'Yay' in Phoebe's utterance indicates enthusiasm and happiness.,0.900
233,Phoebe,"Yes, but I wanted you to want to live with me, but okay, if you're having so much fun over here",sadness,sadness,sadness,sadness,neutral,4,sadness,"The phrase 'but okay' suggests a concession or resignation, implying that Phoebe is disappointed because she wanted Rachel to want to live with her but now seems to be accepting that Rachel is having fun elsewhere.",0.800
233,Rachel,"Oh, it's so much more fun with you.",joy,joy,joy,joy,anger,5,joy,The phrase 'so much more fun with you' indicates a positive sentiment and enjoyment in the speaker's presence.,0.900
233,Phoebe,"We did have fun, didn't we?",joy,joy,neutral,neutral,sadness,6,joy,"The phrase 'We did have fun' indicates a positive experience and enjoyment, which aligns with the emotion of joy.",0.850
233,Rachel,We did!,joy,joy,joy,neutral,neutral,7,joy,"The phrase 'We did!' indicates a positive and enthusiastic response, suggesting joy. This is further supported by the context where both Rachel and Phoebe are expressing excitement about their plans.",0.900
237,Joey,It's creamier.,neutral,neutral,neutral,neutral,sadness,0,neutral,The utterance 'It's creamier.' does not express any strong emotional content. It is a simple statement of observation or fact.,
237,Monica,"Yeah, well, is that",neutral,neutral,neutral,neutral,neutral,1,neutral,"The utterance 'Yeah, well, is that' does not express any strong emotional content. It appears to be a neutral response or continuation of the previous statement.",0.850
237,Joey,"I don't know. We're talking about whipped fish, Monica. I'm just happy I'm keeping it down, y'know?",disgust,sadness,anger,joy,neutral,2,neutral,Joey's response does not express strong emotions. The phrase 'I'm just happy I'm keeping it down' suggests a mild positive sentiment but is more indicative of maintaining composure rather than expressing joy or other intense emotions.,
237,Rachel,My God! What happened to you?,surprise,surprise,surprise,surprise,neutral,3,surprise,The phrase 'My God!' indicates a strong reaction of shock or surprise. The question 'What happened to you?' suggests that Rachel is responding to something unexpected or unusual about Joey.,0.850
240,Dina,What are you going to do? Kill him? Like you did with Charles?!,anger,surprise,fear,anger,surprise,0,anger,The use of aggressive language such as 'Kill him?' and the accusatory tone with 'Like you did with Charles?!' indicates anger.,0.900
240,Jessica Lockhart,"Oh, my baby!",sadness,sadness,fear,neutral,neutral,1,sadness,"The phrase 'Oh, my baby!' often expresses a protective or sorrowful sentiment towards someone the speaker cares about deeply. Given the context of Dina's aggressive statement, Jessica Lockhart's response seems to express sadness and concern for someone she refers to as 'baby'.",
240,Joey,That was a great scene! And-and-and that slap looks so real! How do you do that?,surprise,joy,surprise,surprise,neutral,2,joy,"The speaker expresses enthusiasm with phrases like 'That was a great scene!' and shows excitement about the realism of an action ('that slap looks so real!'), indicating a positive emotional state.",0.850
240,Cecilia,"Oh, just years of experience.",neutral,neutral,neutral,neutral,surprise,3,neutral,The phrase 'just years of experience' indicates a matter-of-fact tone without any strong emotional indicators. The speaker is responding in a calm and neutral manner to the question about how she performs actions like slapping.,0.800
241,Joey,Much!,joy,neutral,joy,neutral,neutral,0,joy,"The word 'Much!' typically conveys enthusiasm or excitement, which aligns with the emotion of joy.",
241,Joey,"Listen uh, not that I’m y’know insecure about my manhood or anything y’know, but I think I need to hook up with a woman like right now.",neutral,sadness,neutral,neutral,neutral,1,neutral,"The speaker's tone is casual and somewhat defensive ('not that I’m y’know insecure'), but does not clearly express any strong emotion. The statement is a straightforward expression of desire.",0.800
241,Phoebe,"Yeah, I understand.",neutral,neutral,neutral,neutral,neutral,2,neutral,"Phoebe's response 'Yeah, I understand.' is a neutral acknowledgment without any strong emotional indicators.",0.900
241,Joey,Yeah! Okay!  Hey! Hi!,joy,surprise,neutral,neutral,neutral,3,joy,"The use of exclamation marks and enthusiastic interjections like 'Yeah!', 'Okay!', 'Hey!', and 'Hi!' in Joey's utterance indicates excitement and joy.",0.850
266,Ross,I just want this to be  about what it is!,joy,anger,joy,sadness,neutral,0,anger,The phrase 'I just want this to be about what it is!' suggests frustration or anger due to the use of 'just' which implies impatience or irritation.,
266,Rachel,"And um, what-what is that Ross?",neutral,surprise,surprise,neutral,neutral,1,neutral,"Rachel's utterance 'And um, what-what is that Ross?' does not express any strong emotional content. The use of filler words like 'um' suggests some hesitation but no clear emotion.",0.800
266,Ross,The physical act of love.,joy,neutral,joy,neutral,neutral,2,neutral,Ross's statement 'The physical act of love.' is a straightforward description without any strong emotional indicators. The context does not suggest any particular emotion beyond a neutral stance.,0.850
266,Rachel,What?! Are you crazy?,surprise,surprise,surprise,anger,anger,3,surprise,"The use of 'What?!' and 'Are you crazy?' indicates a strong reaction to Ross's statement, suggesting surprise at his unexpected and blunt declaration.",0.850
278,Chandler,"Oooh, I’m afraid that does not exist.",neutral,fear,neutral,fear,surprise,0,fear,The phrase 'I’m afraid' indicates a sense of fear or worry.,0.800
278,Monica,"That’s not true, there are great pictures of us!",surprise,joy,neutral,neutral,surprise,1,joy,The phrase 'great pictures of us' suggests a positive sentiment and enthusiasm about shared memories.,0.850
278,Chandler,"No, there are great pictures of you standing next to a guy who’s going like this",neutral,joy,disgust,neutral,surprise,2,joy,"Chandler's utterance includes a playful tone indicated by the phrase 'going like this', suggesting he is in a light-hearted mood despite Monica's assertion.",0.800
278,Phoebe,Oh my God! That’s the creep that you’re with at the,surprise,sadness,surprise,surprise,surprise,3,surprise,The phrase 'Oh my God!' indicates a strong reaction of surprise or shock to the realization about Chandler's description.,0.850
